id,messier_number,common_name,object_type,constellation,ra_hours,dec_degrees,magnitude,notes,created_at,updated_at,distance_ly,object_subtype,url
aca15b97-535c-4fcc-9ddf-7f28e63a85d5,1,Crab Nebula,Nebula,Taurus,5.575,22.014,8.40,Remnant of a supernova observed in 1054 AD. Catalogued by Messier in 1758.,2025-08-12 20:21:48.620018 +00:00,2025-08-12 20:21:48.620018 +00:00,6500,Supernova Remnant,https://science.nasa.gov/mission/hubble/science/explore-the-night-sky/hubble-messier-catalog/messier-1/
7af67ad7-c23d-4580-8edd-2883f2ddbfa6,2,Messier 2,Star Cluster,Aquarius,21.550,-0.823,6.30,"Discovered by Maraldi in 1746, catalogued by Messier in 1760.",2025-08-12 20:21:48.620018 +00:00,2025-08-12 20:21:48.620018 +00:00,37000,Globular Cluster,https://science.nasa.gov/mission/hubble/science/explore-the-night-sky/hubble-messier-catalog/messier-2/
586b60ba-db5e-4253-967c-a595f84b52c1,3,Messier 3,Star Cluster,Canes Venatici,13.700,28.380,6.20,"Discovered by Messier in 1764, this cluster contains over 500,000 stars.",2025-08-12 20:21:48.620018 +00:00,2025-08-12 20:21:48.620018 +00:00,34000,Globular Cluster,https://science.nasa.gov/mission/hubble/science/explore-the-night-sky/hubble-messier-catalog/messier-3/
727e7414-dd51-4fa8-bab9-23194bd65b94,4,Messier 4,Star Cluster,Scorpius,16.450,-26.530,5.90,One of the closest globular clusters to Earth.,2025-08-12 20:21:48.620018 +00:00,2025-08-12 20:21:48.620018 +00:00,5500,Globular Cluster,https://science.nasa.gov/mission/hubble/science/explore-the-night-sky/hubble-messier-catalog/messier-4/
f754f7fc-e061-498d-8209-3e4f0cd2dae6,5,Messier 5,Star Cluster,Serpens,15.300,2.080,6.70,"Discovered by Kirch in 1702, added to Messier's catalog in 1764.",2025-08-12 20:21:48.620018 +00:00,2025-08-12 20:21:48.620018 +00:00,25000,Globular Cluster,https://science.nasa.gov/mission/hubble/science/explore-the-night-sky/hubble-messier-catalog/messier-5/
ccdc448f-2fc4-4a6c-80e4-101a2857f82b,6,Butterfly Cluster,Star Cluster,Scorpius,17.670,-32.220,4.20,"Known since antiquity, resembles a butterfly in shape.",2025-08-12 20:21:48.620018 +00:00,2025-08-12 20:21:48.620018 +00:00,1601,Open Cluster,https://theskylive.com/sky/deepsky/messier-6-butterfly-cluster-object
03d0c190-00a6-4383-89ec-3fafa04160a7,7,Ptolemy Cluster,Star Cluster,Scorpius,17.920,-34.800,3.30,Known to Ptolemy in 130 AD. Bright open cluster.,2025-08-12 20:21:48.620018 +00:00,2025-08-12 20:21:48.620018 +00:00,980,Open Cluster,https://science.nasa.gov/mission/hubble/science/explore-the-night-sky/hubble-messier-catalog/messier-7/
939527fa-ea06-450c-a441-0f7364776fa6,8,Lagoon Nebula,Nebula,Sagittarius,18.050,-24.380,6.00,Discovered by Le Gentil in 1747. Star-forming region.,2025-08-12 20:21:48.620018 +00:00,2025-08-12 20:21:48.620018 +00:00,5200,Emission Nebula,https://science.nasa.gov/mission/hubble/science/explore-the-night-sky/hubble-messier-catalog/messier-8/
cb4e3f62-0fc6-4b3c-8c8a-35138464c7b4,9,Messier 9,Star Cluster,Ophiuchus,17.250,-18.520,8.40,Discovered by Messier in 1764. Compact and faint.,2025-08-12 20:21:48.620018 +00:00,2025-08-12 20:21:48.620018 +00:00,25000,Globular Cluster,https://science.nasa.gov/mission/hubble/science/explore-the-night-sky/hubble-messier-catalog/messier-9/
786e367e-6fe3-498c-a93e-4dd634ed0dd2,10,Messier 10,Star Cluster,Ophiuchus,16.850,-4.100,6.40,Discovered by Messier in 1764. One of the brighter globulars.,2025-08-12 20:21:48.620018 +00:00,2025-08-12 20:21:48.620018 +00:00,15000,Globular Cluster,https://science.nasa.gov/mission/hubble/science/explore-the-night-sky/hubble-messier-catalog/messier-10/
5b7a64ad-0d6f-4e38-accd-76a35fd98e3b,11,Wild Duck Cluster,Star Cluster,Scutum,18.870,-6.270,6.30,,2025-08-12 20:21:48.620018 +00:00,2025-08-12 20:21:48.620018 +00:00,6200,Open Cluster,https://science.nasa.gov/mission/hubble/science/explore-the-night-sky/hubble-messier-catalog/messier-11/
d8170870-fb0a-418d-b183-90d2810b1451,12,Messier 12,Star Cluster,Ophiuchus,16.780,-1.950,7.70,,2025-08-12 20:21:48.620018 +00:00,2025-08-12 20:21:48.620018 +00:00,23000,Globular Cluster,https://science.nasa.gov/mission/hubble/science/explore-the-night-sky/hubble-messier-catalog/messier-12/
c4600235-37c3-4754-a59b-6800604423b4,13,Great Hercules Cluster,Star Cluster,Hercules,16.690,36.460,5.80,,2025-08-12 20:21:48.620018 +00:00,2025-08-12 20:21:48.620018 +00:00,25000,Globular Cluster,https://science.nasa.gov/mission/hubble/science/explore-the-night-sky/hubble-messier-catalog/messier-13/
fc24a8b4-2b0f-4976-b914-a76ab0cd44d0,14,Messier 14,Star Cluster,Ophiuchus,17.630,-3.250,8.30,,2025-08-12 20:21:48.620018 +00:00,2025-08-12 20:21:48.620018 +00:00,29000,Globular Cluster,https://science.nasa.gov/mission/hubble/science/explore-the-night-sky/hubble-messier-catalog/messier-14/
e5ed81dc-38e2-4d7a-a375-814eaef6ff37,15,Great Pegasus Cluster,Star Cluster,Pegasus,21.500,12.170,6.20,,2025-08-12 20:21:48.620018 +00:00,2025-08-12 20:21:48.620018 +00:00,33600,Globular Cluster,https://science.nasa.gov/mission/hubble/science/explore-the-night-sky/hubble-messier-catalog/messier-15/
2494e734-69a7-45da-892b-31f722b16838,16,Eagle Nebula,Nebula,Serpens,18.310,-13.780,6.00,Home of the infamous 'Pillars of Creation' image taken by the Hubble space telescope in 1995,2025-08-12 20:21:48.620018 +00:00,2025-08-12 20:21:48.620018 +00:00,7000,Emission Nebula,https://science.nasa.gov/mission/hubble/science/explore-the-night-sky/hubble-messier-catalog/messier-16/
a420369a-57d5-4abd-8826-030446cb0c04,17,Omega Nebula,Nebula,Sagittarius,18.350,-16.180,6.00,,2025-08-12 20:21:48.620018 +00:00,2025-08-12 20:21:48.620018 +00:00,5500,Emission Nebula,https://science.nasa.gov/mission/hubble/science/explore-the-night-sky/hubble-messier-catalog/messier-17/
1c71bbee-ce18-4316-9aae-c4eff6dc53d5,18,Messier 18,Star Cluster,Sagittarius,18.340,-17.100,7.50,,2025-08-12 20:21:48.620018 +00:00,2025-08-12 20:21:48.620018 +00:00,,Unknown,
59720986-9abe-4b06-89e7-3b805e3e5f4f,19,Messier 19,Star Cluster,Ophiuchus,17.040,-26.270,6.80,,2025-08-12 20:21:48.620018 +00:00,2025-08-12 20:21:48.620018 +00:00,,Unknown,
34fd9b15-b372-45c2-b3c4-6f878f0ef397,20,Trifid Nebula,Nebula,Sagittarius,18.040,-23.020,6.30,,2025-08-12 20:21:48.620018 +00:00,2025-08-12 20:21:48.620018 +00:00,9000,Nebula,https://science.nasa.gov/mission/hubble/science/explore-the-night-sky/hubble-messier-catalog/messier-20/
99982437-128a-46c5-9a1c-dd16a2cbf520,21,Messier 21,Star Cluster,Sagittarius,18.870,-22.500,6.50,,2025-08-12 20:21:48.620018 +00:00,2025-08-12 20:21:48.620018 +00:00,,Unknown,
6b3c1fcd-b35b-4d59-beda-712aa2575971,22,Sagittarius Cluster,Star Cluster,Sagittarius,18.620,-5.400,5.10,,2025-08-12 20:21:48.620018 +00:00,2025-08-12 20:21:48.620018 +00:00,10000,Globular Cluster,https://science.nasa.gov/mission/hubble/science/explore-the-night-sky/hubble-messier-catalog/messier-22/
c253489f-d14c-43a6-a1e1-6798e34fbcfc,23,Messier 23,Star Cluster,Sagittarius,18.730,-23.180,5.50,,2025-08-12 20:21:48.620018 +00:00,2025-08-12 20:21:48.620018 +00:00,,Unknown,
d0e05c24-24e5-403b-b9b8-9931182f3546,24,Small Sagittarius Star Cloud,Star Cluster,Sagittarius,18.280,-18.420,4.60,"Sometimes classified as a nebula and sometimes a cluster of stars, this object is actually highlighting a portion of the Milik Way's disk which includes various objects like the open cluster of NGC 6603, two planetary nebulae and dark nebulosity of the Barnard 92 region.",2025-08-12 20:21:48.620018 +00:00,2025-08-12 20:21:48.620018 +00:00,10000,Star Cloud,https://science.nasa.gov/mission/hubble/science/explore-the-night-sky/hubble-messier-catalog/messier-24/
4e4e7361-fcb5-4f41-8f6e-3749b76466a4,25,IC 4725,Star Cluster,Sagittarius,18.530,-19.250,4.60,,2025-08-12 20:21:48.620018 +00:00,2025-08-12 20:21:48.620018 +00:00,,Unknown,
8ca01cb0-d096-495b-a4c0-d378ab630b56,26,Butterfly Cluster,Star Cluster,Scorpius,17.950,-19.260,4.20,,2025-08-12 20:21:48.620018 +00:00,2025-08-12 20:21:48.620018 +00:00,,Globular Cluster,
92d72e18-f50e-44c7-b76c-cbaf77082bb5,27,Dumbbell Nebula,Nebula,Vulpecula,19.990,22.720,7.50,,2025-08-12 20:21:48.620018 +00:00,2025-08-12 20:21:48.620018 +00:00,1200,Planetary Nebula,https://science.nasa.gov/mission/hubble/science/explore-the-night-sky/hubble-messier-catalog/messier-27/
9547bbdc-3f37-454d-8723-c2693aaff81a,28,Messier 28,Star Cluster,Sagittarius,18.400,-24.870,7.70,,2025-08-12 20:21:48.620018 +00:00,2025-08-12 20:21:48.620018 +00:00,17900,Globular Cluster,https://science.nasa.gov/mission/hubble/science/explore-the-night-sky/hubble-messier-catalog/messier-28/
36e21d35-a424-46ab-9c34-4650e8d7401b,29,Messier 29,Star Cluster,Cygnus,20.400,38.550,7.10,,2025-08-12 20:21:48.620018 +00:00,2025-08-12 20:21:48.620018 +00:00,,Unknown,
6c89a049-01ba-4844-bca5-999d13846c10,30,Messier 30,Star Cluster,Capricornus,21.670,-23.180,7.20,,2025-08-12 20:21:48.620018 +00:00,2025-08-12 20:21:48.620018 +00:00,28000,Globular Cluster,https://science.nasa.gov/mission/hubble/science/explore-the-night-sky/hubble-messier-catalog/messier-30/
b6b9f62b-d0b6-465c-be56-1ce0f7ac1fc6,31,Andromeda Galaxy,Galaxy,Andromeda,0.712,41.269,3.10,Known since ancient times. First described by al-Sufi in 964 AD.,2025-08-12 20:21:48.620018 +00:00,2025-08-12 20:21:48.620018 +00:00,2500000,Spiral Galaxy,https://science.nasa.gov/mission/hubble/science/explore-the-night-sky/hubble-messier-catalog/messier-31/
72ebe591-13e7-464b-8d97-350dd3a27441,32,Le Gentil,Galaxy,Andromeda,0.720,40.870,8.10,,2025-08-12 20:21:48.620018 +00:00,2025-08-12 20:21:48.620018 +00:00,2500000,Elliptical Galaxy,https://science.nasa.gov/mission/hubble/science/explore-the-night-sky/hubble-messier-catalog/messier-32/
c4bd977b-ecaf-4182-b388-17007459bdbe,33,Triangulum Galaxy,Galaxy,Triangulum,1.530,30.660,5.70,,2025-08-12 20:21:48.620018 +00:00,2025-08-12 20:21:48.620018 +00:00,2700000,Spiral Galaxy,https://science.nasa.gov/mission/hubble/science/explore-the-night-sky/hubble-messier-catalog/messier-33/
b6247d9a-a9e3-451b-9966-f0bad0b6a411,34,Messier 34,Star Cluster,Perseus,2.700,42.780,5.50,,2025-08-12 20:21:48.620018 +00:00,2025-08-12 20:21:48.620018 +00:00,,Unknown,
ea006a6f-2d1a-47e7-b876-124728cba192,35,Messier 35,Star Cluster,Gemini,6.150,24.330,5.30,,2025-08-12 20:21:48.620018 +00:00,2025-08-12 20:21:48.620018 +00:00,3870,Open Star Cluster,https://science.nasa.gov/mission/hubble/science/explore-the-night-sky/hubble-messier-catalog/messier-35/
71f989da-99eb-43ca-bf52-ce221c2041fb,36,Pinwheel Cluster,Star Cluster,Auriga,5.600,34.140,6.00,,2025-08-12 20:21:48.620018 +00:00,2025-08-12 20:21:48.620018 +00:00,,Unknown,
f53beceb-0698-487b-88fb-0d1be233e1b8,37,Messier 37,Star Cluster,Auriga,5.880,32.550,5.60,,2025-08-12 20:21:48.620018 +00:00,2025-08-12 20:21:48.620018 +00:00,,Unknown,
75a731df-6006-4b1e-a137-128aab17f097,38,Starfish Cluster,Star Cluster,Auriga,5.480,35.850,7.40,,2025-08-12 20:21:48.620018 +00:00,2025-08-12 20:21:48.620018 +00:00,,Unknown,
1c10c6be-963f-4e98-96d0-c074e8799fd4,39,Pyramid Cluster,Star Cluster,Cygnus,21.530,48.430,4.60,,2025-08-12 20:21:48.620018 +00:00,2025-08-12 20:21:48.620018 +00:00,,Open Cluster,
903fce35-2895-496d-acf5-a8b20709e6b1,40,Winnecke 4,Star Cluster,Ursa Major,5.590,-5.450,4.00,,2025-08-12 20:21:48.620018 +00:00,2025-08-12 20:21:48.620018 +00:00,,Double Star,
8f61a147-bf57-4f73-a32b-6799893ef4fa,41,Messier 41,Star Cluster,Canis Major,6.770,-20.750,4.50,,2025-08-12 20:21:48.620018 +00:00,2025-08-12 20:21:48.620018 +00:00,,Unknown,
ba7dacbe-0cdb-4c49-ae4f-87539ef31984,42,Orion Nebula,Nebula,Orion,5.590,-5.450,4.00,"The Orion Nebula is a diffuse nebula—specifically an emission nebula—and is the brightest of its kind, where ultraviolet light from young, hot stars in the Trapezium Cluster ionizes the surrounding gas and makes it glow.",2025-08-12 20:21:48.620018 +00:00,2025-08-12 20:21:48.620018 +00:00,1270,Nebula,https://science.nasa.gov/mission/hubble/science/explore-the-night-sky/hubble-messier-catalog/messier-42/
c2192afc-2ef5-4cb9-9290-bc78297df87e,43,De Mairan’s Nebula,Nebula,Orion,,,7.00,,2025-08-12 20:21:48.620018 +00:00,2025-08-12 20:21:48.620018 +00:00,1270,Nebula,https://science.nasa.gov/mission/hubble/science/explore-the-night-sky/hubble-messier-catalog/messier-43/
478bec00-c79d-4b82-838b-8e6c17f09126,44,Beehive Cluster,Star Cluster,Cancer,,,3.70,,2025-08-12 20:21:48.620018 +00:00,2025-08-12 20:21:48.620018 +00:00,577,Open Star Cluster,https://science.nasa.gov/mission/hubble/science/explore-the-night-sky/hubble-messier-catalog/messier-44/
4b418f40-5c0b-4a7a-9a86-ffc6cc9be506,45,Pleiades,Star Cluster,Taurus,3.780,24.120,1.20,Also known as Seven Sisters. Visible to the naked eye.,2025-08-12 20:21:48.620018 +00:00,2025-08-12 20:21:48.620018 +00:00,444,Open Star Cluster,https://science.nasa.gov/mission/hubble/science/explore-the-night-sky/hubble-messier-catalog/messier-45/
08f5cbb4-152c-4c11-bfd3-bc1c2a24ba79,46,Messier 46,Star Cluster,Puppis,,,6.10,,2025-08-12 20:21:48.620018 +00:00,2025-08-12 20:21:48.620018 +00:00,5400,Open Star Cluster,https://science.nasa.gov/mission/hubble/science/explore-the-night-sky/hubble-messier-catalog/messier-46/
7bf8ac9d-a040-4815-b8c3-fdf9e293e373,47,Messier 47,Star Cluster,Puppis,,,,,2025-08-12 20:21:48.620018 +00:00,2025-08-12 20:21:48.620018 +00:00,,Unknown,
9caefb65-42f0-4d4e-9152-6de32794bef5,48,Messier 48,Star Cluster,Hydra,,,5.80,,2025-08-12 20:21:48.620018 +00:00,2025-08-12 20:21:48.620018 +00:00,1500,Open Star Cluster,https://science.nasa.gov/mission/hubble/science/explore-the-night-sky/hubble-messier-catalog/messier-48/
04d08d49-077d-4317-ba23-6671d3e9c8f5,49,Messier 49,Galaxy,Virgo,,,9.40,,2025-08-12 20:21:48.620018 +00:00,2025-08-12 20:21:48.620018 +00:00,56000000,Elliptical Galaxy,https://science.nasa.gov/mission/hubble/science/explore-the-night-sky/hubble-messier-catalog/messier-49/
d47c8d05-9045-4f92-a40a-ee530d39189c,50,Heart-Shaped Cluster,Star Cluster,Canis Major,,,,Discovered by Charles Messier in 1772[b] while observing Biela's Comet,2025-08-12 20:21:48.620018 +00:00,2025-08-12 20:21:48.620018 +00:00,,Unknown,
67799c44-fd6e-407a-aad3-374745f284c1,51,Whirlpool Galaxy,Galaxy,Canes Venatici,13.500,47.200,8.40,Discovered in 1773. Famous for its spiral structure.,2025-08-12 20:21:48.620018 +00:00,2025-08-12 20:21:48.620018 +00:00,31000000,Spiral Galaxy,https://science.nasa.gov/mission/hubble/science/explore-the-night-sky/hubble-messier-catalog/messier-51/
0c271ff7-2411-42b7-9386-2fa4181901a8,52,Messier 52,Star Cluster,Cassiopeia,,,,,2025-08-12 20:21:48.620018 +00:00,2025-08-12 20:21:48.620018 +00:00,,Open Cluster,
2d846691-d1bc-4d36-95da-b22de7d7ca58,53,Messier 53,Star Cluster,Coma Berenices,,,8.30,,2025-08-12 20:21:48.620018 +00:00,2025-08-12 20:21:48.620018 +00:00,59700,Globular Cluster,https://science.nasa.gov/mission/hubble/science/explore-the-night-sky/hubble-messier-catalog/messier-53/
806b00c9-f749-49d3-9946-708f7bfb7e83,54,Messier 54,Star Cluster,Sagittarius,,,8.40,,2025-08-12 20:21:48.620018 +00:00,2025-08-12 20:21:48.620018 +00:00,90000,Globular Cluster,https://science.nasa.gov/mission/hubble/science/explore-the-night-sky/hubble-messier-catalog/messier-54/
96e3a287-5760-411f-9b4e-0e7522c96efe,55,Summer Rose Star,Star Cluster,Sagittarius,,,6.30,,2025-08-12 20:21:48.620018 +00:00,2025-08-12 20:21:48.620018 +00:00,20000,Globular Cluster,https://science.nasa.gov/mission/hubble/science/explore-the-night-sky/hubble-messier-catalog/messier-55/
12482fe2-3f61-4e55-bea5-7057a565c707,56,Messier 56,Star Cluster,Lyra,,,8.30,,2025-08-12 20:21:48.620018 +00:00,2025-08-12 20:21:48.620018 +00:00,33000,Globular Cluster,https://science.nasa.gov/mission/hubble/science/explore-the-night-sky/hubble-messier-catalog/messier-56/
4f4895c0-6d85-49c0-9b66-602dfdf5b112,57,Ring Nebula,Nebula,Lyra,18.900,33.030,8.80,Discovered in 1779. Ring-shaped planetary nebula.,2025-08-12 20:21:48.620018 +00:00,2025-08-12 20:21:48.620018 +00:00,2000,Planetary Nebula,https://science.nasa.gov/mission/hubble/science/explore-the-night-sky/hubble-messier-catalog/messier-57/
9254ad8d-5a91-4990-9558-72d28f520301,58,Messier 58,Galaxy,Virgo,,,9.80,,2025-08-12 20:21:48.620018 +00:00,2025-08-12 20:21:48.620018 +00:00,62000000,Barred Spiral Galaxy,https://science.nasa.gov/mission/hubble/science/explore-the-night-sky/hubble-messier-catalog/messier-58/
57a68669-ab77-4c55-91f1-f6bc2268d24d,59,Messier 59,Galaxy,Virgo,,,9.80,,2025-08-12 20:21:48.620018 +00:00,2025-08-12 20:21:48.620018 +00:00,60000000,Elliptical Galaxy,https://science.nasa.gov/mission/hubble/science/explore-the-night-sky/hubble-messier-catalog/messier-59/
77ff9c57-6cf2-4052-83d4-0920592f564d,60,Messier 60,Galaxy,Virgo,,,9.80,,2025-08-12 20:21:48.620018 +00:00,2025-08-12 20:21:48.620018 +00:00,54000000,Elliptical Galaxy,https://science.nasa.gov/mission/hubble/science/explore-the-night-sky/hubble-messier-catalog/messier-60/
dcd3a170-2884-4390-baf6-7a3b2c95d089,61,Messier 61,Galaxy,Virgo,,,10.20,,2025-08-12 20:21:48.620018 +00:00,2025-08-12 20:21:48.620018 +00:00,52500000,Spiral Galaxy,https://science.nasa.gov/mission/hubble/science/explore-the-night-sky/hubble-messier-catalog/messier-61/
e837f71d-fc20-438e-ba44-e16452f52d48,62,Messier 62,Star Cluster,Ophiuchus,,,6.60,,2025-08-12 20:21:48.620018 +00:00,2025-08-12 20:21:48.620018 +00:00,22000,Globular Cluster,https://science.nasa.gov/mission/hubble/science/explore-the-night-sky/hubble-messier-catalog/messier-62/
4b7f9e5a-c79e-448d-a698-3e171f4fb06f,63,Sunflower Galaxy,Galaxy,Canes Venatici,,,9.30,,2025-08-12 20:21:48.620018 +00:00,2025-08-12 20:21:48.620018 +00:00,27000000,Spiral Galaxy,https://science.nasa.gov/mission/hubble/science/explore-the-night-sky/hubble-messier-catalog/messier-63/
5e96f0af-b034-424a-9b20-630b00773f59,64,Black Eye Galaxy,Galaxy,Coma Berenices,,,9.36,,2025-08-12 20:21:48.620018 +00:00,2025-08-12 20:21:48.620018 +00:00,17000000,Spiral Galaxy,https://science.nasa.gov/mission/hubble/science/explore-the-night-sky/hubble-messier-catalog/messier-64/
a059bc54-0fa0-47af-b53f-887191dc3f7b,65,Messier 65,Galaxy,Leo,,,9.30,,2025-08-12 20:21:48.620018 +00:00,2025-08-12 20:21:48.620018 +00:00,35000000,Spiral Galaxy,https://science.nasa.gov/mission/hubble/science/explore-the-night-sky/hubble-messier-catalog/messier-65/
e98293c0-a8c1-49b5-a6cf-bdb82ac3e9cb,66,Messier 66,Galaxy,Leo,,,8.90,,2025-08-12 20:21:48.620018 +00:00,2025-08-12 20:21:48.620018 +00:00,35000000,Spiral Galaxy,https://science.nasa.gov/mission/hubble/science/explore-the-night-sky/hubble-messier-catalog/messier-66/
e9806217-3ca7-40ce-8fc5-47e96445cb3e,67,King Cobra Cluster,Star Cluster,Cancer,,,6.10,,2025-08-12 20:21:48.620018 +00:00,2025-08-12 20:21:48.620018 +00:00,2800,Open Cluster,https://science.nasa.gov/mission/hubble/science/explore-the-night-sky/hubble-messier-catalog/messier-67/
d967a67d-67e5-4d58-98a4-2aec5e8b9048,68,Messier 68,Galaxy,Hydra,,,8.00,,2025-08-12 20:21:48.620018 +00:00,2025-08-12 20:21:48.620018 +00:00,33000,Globular Cluster,https://science.nasa.gov/mission/hubble/science/explore-the-night-sky/hubble-messier-catalog/messier-68/
361d028a-9000-4d54-89aa-fabd6397ce7a,69,Messier 69,Star Cluster,Sagittarius,,,8.30,,2025-08-12 20:21:48.620018 +00:00,2025-08-12 20:21:48.620018 +00:00,29700,Globular Cluster,https://science.nasa.gov/mission/hubble/science/explore-the-night-sky/hubble-messier-catalog/messier-69/
af82dd17-0b8e-4575-97ef-7eb5c5d55a93,70,Messier 70,Galaxy,Sagittarius,,,9.10,,2025-08-12 20:21:48.620018 +00:00,2025-08-12 20:21:48.620018 +00:00,30000,Globular Cluster,https://science.nasa.gov/mission/hubble/science/explore-the-night-sky/hubble-messier-catalog/messier-70/
72aa31e7-0367-4977-bd94-f59904baedfb,71,Messier 71,Star Cluster,Sagitta,,,6.10,,2025-08-12 20:21:48.620018 +00:00,2025-08-12 20:21:48.620018 +00:00,13000,Globular Cluster,https://science.nasa.gov/mission/hubble/science/explore-the-night-sky/hubble-messier-catalog/messier-71/
31ba3bf8-a891-45a5-a825-7d923708c49c,72,Messier 72,Star Cluster,Aquarius,,,9.40,,2025-08-12 20:21:48.620018 +00:00,2025-08-12 20:21:48.620018 +00:00,50000,Globular Cluster,https://science.nasa.gov/mission/hubble/science/explore-the-night-sky/hubble-messier-catalog/messier-72/
be3cae38-a23c-4fc3-b932-b848a6452486,73,Messier 73,Star Cluster,Aquarius,,,9.00,M73 is technically not a true star cluster but a small asterism of four unrelated stars that only appear clustered together from our viewpoint.,2025-08-12 20:21:48.620018 +00:00,2025-08-12 20:21:48.620018 +00:00,,Asterism,https://science.nasa.gov/mission/hubble/science/explore-the-night-sky/hubble-messier-catalog/messier-73/
aa9affca-6028-45be-ad74-c3595c416c45,74,Phantom Galaxy,Galaxy,Pisces,,,10.00,,2025-08-12 20:21:48.620018 +00:00,2025-08-12 20:21:48.620018 +00:00,32000000,Spiral Galaxy,https://science.nasa.gov/mission/hubble/science/explore-the-night-sky/hubble-messier-catalog/messier-74/
1824c30b-f733-47e8-8ee8-12b349541d9a,75,Messier 75,Star Cluster,Sagittarius,,,8.60,,2025-08-12 20:21:48.620018 +00:00,2025-08-12 20:21:48.620018 +00:00,67000,Globular Cluster,https://science.nasa.gov/mission/hubble/science/explore-the-night-sky/hubble-messier-catalog/messier-75/
120f4eee-cbc4-4349-9115-ec22096143b1,76,Little Dumbbell Nebula,Nebula,Perseus,,,10.10,,2025-08-12 20:21:48.620018 +00:00,2025-08-12 20:21:48.620018 +00:00,2500,Planetary Nebula,https://science.nasa.gov/mission/hubble/science/explore-the-night-sky/hubble-messier-catalog/messier-76/
adce4404-9281-45b8-b33d-fe970393fb5e,77,Squid Galaxy,Galaxy,Cetus,,,8.90,M77 is one of the largest galaxies in the Messier catalog. It is located in the constellation Cetus at a distance of 45 million light-years from Earth. ,2025-08-12 20:21:48.620018 +00:00,2025-08-12 20:21:48.620018 +00:00,47000000,Barred Spiral Galaxy,https://science.nasa.gov/mission/hubble/science/explore-the-night-sky/hubble-messier-catalog/messier-77/
d1983b99-5a7a-4d15-b357-70d9741badc3,78,Messier 78,Nebula,Orion,,,8.00,"M78 was discovered in 1780 by Charles Messier’s colleague Pierre Méchain. It is best seen in January. M78 can be found in binoculars and small telescopes, but telescopes 8 inches or larger will reveal more detail in the nebula.",2025-08-12 20:21:48.620018 +00:00,2025-08-12 20:21:48.620018 +00:00,1600,Reflection Nebula,https://science.nasa.gov/mission/hubble/science/explore-the-night-sky/hubble-messier-catalog/messier-78/
1972287d-7a69-4fc4-a4a9-a5f00c7ed43c,79,Messier 79,Star Cluster,Lepus,,,8.60,,2025-08-12 20:21:48.620018 +00:00,2025-08-12 20:21:48.620018 +00:00,41000,Globular Cluster,https://science.nasa.gov/mission/hubble/science/explore-the-night-sky/hubble-messier-catalog/messier-79/
1496cbab-4971-40ad-8a23-f40e40294b59,80,Messier 80,Star Cluster,Scorpius,,,7.30,,2025-08-12 20:21:48.620018 +00:00,2025-08-12 20:21:48.620018 +00:00,32600,Globular Cluster,https://science.nasa.gov/mission/hubble/science/explore-the-night-sky/hubble-messier-catalog/messier-80/
9179a149-e419-4254-9aa4-d2d51d12cf7d,81,Bode's Galaxy,Galaxy,Ursa Major,,,6.90,,2025-08-12 20:21:48.620018 +00:00,2025-08-12 20:21:48.620018 +00:00,11800000,Spiral Galaxy,https://science.nasa.gov/mission/hubble/science/explore-the-night-sky/hubble-messier-catalog/messier-81/
d5c8d823-2790-41e9-894e-4e6f862a871a,82,Cigar Galaxy,Galaxy,Ursa Major,,,8.40,,2025-08-12 20:21:48.620018 +00:00,2025-08-12 20:21:48.620018 +00:00,11500000,Starburst Galaxy,https://science.nasa.gov/mission/hubble/science/explore-the-night-sky/hubble-messier-catalog/messier-82/
3b73e84b-a3b8-4cb3-a7fe-cc047d04a592,83,Southern Pinwheel Galaxy,Galaxy,Hydra,,,7.60,,2025-08-12 20:21:48.620018 +00:00,2025-08-12 20:21:48.620018 +00:00,15000000,Spiral Galaxy,https://science.nasa.gov/mission/hubble/science/explore-the-night-sky/hubble-messier-catalog/messier-83/
73c59063-7ebe-43d9-ad54-ea6222f1a1ae,84,Messier 84,Galaxy,Virgo,,,9.10,,2025-08-12 20:21:48.620018 +00:00,2025-08-12 20:21:48.620018 +00:00,60000000,Elliptical Galaxy,https://science.nasa.gov/mission/hubble/science/explore-the-night-sky/hubble-messier-catalog/messier-84/
769b6cee-eca2-42a9-8318-f1a6121dcb86,85,Messier 85,Galaxy,Coma Berenices,,,9.20,,2025-08-12 20:21:48.620018 +00:00,2025-08-12 20:21:48.620018 +00:00,60000000,Lenticular Galaxy,https://science.nasa.gov/mission/hubble/science/explore-the-night-sky/hubble-messier-catalog/messier-85/
e50067e7-a8b1-4ceb-89c8-c61c6bf6b9ad,86,Messier 86,Galaxy,Virgo,,,9.80,,2025-08-12 20:21:48.620018 +00:00,2025-08-12 20:21:48.620018 +00:00,52000000,Elliptical Galaxy,https://science.nasa.gov/mission/hubble/science/explore-the-night-sky/hubble-messier-catalog/messier-86/
7cd44779-7283-42eb-90fb-8a8d79f54a07,87,Virgo A,Galaxy,Virgo,12.500,12.400,9.60,"Home to the first imaged black hole, M87*, discovered in 2019.",2025-08-12 20:21:48.620018 +00:00,2025-08-12 20:21:48.620018 +00:00,53000000,Elliptical Galaxy,https://science.nasa.gov/mission/hubble/science/explore-the-night-sky/hubble-messier-catalog/messier-87/
d9fff485-268b-41d2-9a6e-fea14cb26c73,88,Messier 88,Galaxy,Coma Berenices,,,9.60,,2025-08-12 20:21:48.620018 +00:00,2025-08-12 20:21:48.620018 +00:00,50000000,Spiral Galaxy,https://science.nasa.gov/mission/hubble/science/explore-the-night-sky/hubble-messier-catalog/messier-88/
20f675ef-2caa-4cb1-8e36-6c87af8636ec,89,Messier 89,Galaxy,Virgo,,,9.80,,2025-08-12 20:21:48.620018 +00:00,2025-08-12 20:21:48.620018 +00:00,50000000,Elliptical Galaxy,https://science.nasa.gov/mission/hubble/science/explore-the-night-sky/hubble-messier-catalog/messier-89/
e4c795b9-f9c9-4b68-822a-c069b31a2f0d,90,Messier 90,Galaxy,Virgo,,,9.50,,2025-08-12 20:21:48.620018 +00:00,2025-08-12 20:21:48.620018 +00:00,60000000,Spiral Galaxy,https://science.nasa.gov/mission/hubble/science/explore-the-night-sky/hubble-messier-catalog/messier-90/
b3ddc732-65a7-41bd-ac6f-db8af40fd02f,91,Messier 91,Galaxy,Coma Berenices,,,10.20,,2025-08-12 20:21:48.620018 +00:00,2025-08-12 20:21:48.620018 +00:00,52000000,Barred Spiral Galaxy,https://science.nasa.gov/mission/hubble/science/explore-the-night-sky/hubble-messier-catalog/messier-91/
98d6eb70-2890-4ded-885f-d67a59e744b1,92,Messier 92,Star Cluster,Hercules,,,6.50,,2025-08-12 20:21:48.620018 +00:00,2025-08-12 20:21:48.620018 +00:00,27000,Globular Cluster,https://science.nasa.gov/mission/hubble/science/explore-the-night-sky/hubble-messier-catalog/messier-92/
6911167d-3ffa-4306-a462-7a39f177e974,93,Messier 93,Star Cluster,Puppis,,,6.00,,2025-08-12 20:21:48.620018 +00:00,2025-08-12 20:21:48.620018 +00:00,3400,Open Cluster,https://science.nasa.gov/mission/hubble/science/explore-the-night-sky/hubble-messier-catalog/messier-93/
9fbf8b5e-099f-408a-9f46-3bf471cc8d7b,94,Cat's Eye Galaxy,Galaxy,Canes Venatici,,,8.20,,2025-08-12 20:21:48.620018 +00:00,2025-08-12 20:21:48.620018 +00:00,16000000,Spiral Galaxy,https://science.nasa.gov/mission/hubble/science/explore-the-night-sky/hubble-messier-catalog/messier-94/
14ca66ff-731b-4a3c-bbcd-61ada7684877,95,Messier 95,Galaxy,Leo,,,9.70,,2025-08-12 20:21:48.620018 +00:00,2025-08-12 20:21:48.620018 +00:00,33000000,Barred Spiral Galaxy,https://science.nasa.gov/mission/hubble/science/explore-the-night-sky/hubble-messier-catalog/messier-95/
a224a0fe-81c0-4e6e-970e-0bf1b31d2ee3,96,Messier 96,Galaxy,Leo,,,9.20,,2025-08-12 20:21:48.620018 +00:00,2025-08-12 20:21:48.620018 +00:00,35000000,Spiral Galaxy,https://science.nasa.gov/mission/hubble/science/explore-the-night-sky/hubble-messier-catalog/messier-96/
9f92a1ba-888c-4824-8960-57d740871283,97,Owl Nebula,Nebula,Ursa Major,,,9.90,,2025-08-12 20:21:48.620018 +00:00,2025-08-12 20:21:48.620018 +00:00,2000,Planetary Nebula,https://science.nasa.gov/mission/hubble/science/explore-the-night-sky/hubble-messier-catalog/messier-97/
57b8c94d-1f09-40f2-82c1-b09bf1feb8ab,98,Messier 98,Galaxy,Coma Berenices,,,10.10,,2025-08-12 20:21:48.620018 +00:00,2025-08-12 20:21:48.620018 +00:00,44000000,Spiral Galaxy,https://science.nasa.gov/mission/hubble/science/explore-the-night-sky/hubble-messier-catalog/messier-98/
7dc09b95-a5ec-406a-bc29-11f9609349ba,99,Coma Pinwheel,Galaxy,Coma Berenices,,,9.90,,2025-08-12 20:21:48.620018 +00:00,2025-08-12 20:21:48.620018 +00:00,50000000,Spiral Galaxy,https://science.nasa.gov/mission/hubble/science/explore-the-night-sky/hubble-messier-catalog/messier-99/
7ba771fa-e121-4bc9-aa7a-e7c381b10aec,100,Messier 100,Galaxy,Coma Berenices,,,9.30,,2025-08-12 20:21:48.620018 +00:00,2025-08-12 20:21:48.620018 +00:00,55000000,Spiral Galaxy,https://science.nasa.gov/mission/hubble/science/explore-the-night-sky/hubble-messier-catalog/messier-100/
18699431-306f-4bc8-be78-3c25adcbfeaa,101,Messier 101,Galaxy,Ursa Major,,,7.90,,2025-08-12 20:21:48.620018 +00:00,2025-08-12 20:21:48.620018 +00:00,21000000,Spiral Galaxy,https://science.nasa.gov/mission/hubble/science/explore-the-night-sky/hubble-messier-catalog/messier-101/
31e6ce57-7438-4ce2-892e-51f746ce7cf9,102,Spindle Galaxy,Galaxy,Draco,,,9.90,,2025-08-12 20:21:48.620018 +00:00,2025-08-12 20:21:48.620018 +00:00,50000000,Lenticular Galaxy,https://science.nasa.gov/mission/hubble/science/explore-the-night-sky/hubble-messier-catalog/messier-102/
c2938f92-dd8b-4d1e-aceb-6063ea33a601,103,Messier 103,Star Cluster,Cassiopeia,,,7.40,,2025-08-12 20:21:48.620018 +00:00,2025-08-12 20:21:48.620018 +00:00,10000,Open Cluster,https://science.nasa.gov/mission/hubble/science/explore-the-night-sky/hubble-messier-catalog/messier-103/
adbc2d01-3ffe-4c99-ace5-ba7529768472,104,Sombrero Galaxy,Galaxy,Virgo,12.630,-11.370,8.00,Edge-on spiral galaxy with a bright core and dark dust lane.,2025-08-12 20:21:48.620018 +00:00,2025-08-12 20:21:48.620018 +00:00,29000000,Spiral Galaxy,https://science.nasa.gov/mission/hubble/science/explore-the-night-sky/hubble-messier-catalog/messier-104/
c129f4e8-5cd0-4ea1-9518-6adc1d9b4121,105,Messier 105,Galaxy,Leo,,,9.30,,2025-08-12 20:21:48.620018 +00:00,2025-08-12 20:21:48.620018 +00:00,32000000,Elliptical Galaxy,https://science.nasa.gov/mission/hubble/science/explore-the-night-sky/hubble-messier-catalog/messier-105/
c0f967f7-684c-4645-ba85-60c6b41aa746,106,Messier 106,Galaxy,Canes Venatici,,,8.40,,2025-08-12 20:21:48.620018 +00:00,2025-08-12 20:21:48.620018 +00:00,24000000,Spiral Galaxy,https://science.nasa.gov/mission/hubble/science/explore-the-night-sky/hubble-messier-catalog/messier-106/
e3273f23-0532-4b5a-9caa-4a4b22fc1169,107,Messier 107,Star Cluster,Ophiuchus,,,7.90,,2025-08-12 20:21:48.620018 +00:00,2025-08-12 20:21:48.620018 +00:00,21000,Globular Cluster,https://science.nasa.gov/mission/hubble/science/explore-the-night-sky/hubble-messier-catalog/messier-107/
901fb58a-e4ea-45b2-8fe5-93ab6d18fcc2,108,Surfboard Galaxy,Galaxy,Ursa Major,,,10.00,,2025-08-12 20:21:48.620018 +00:00,2025-08-12 20:21:48.620018 +00:00,45000000,Spiral Galaxy,https://science.nasa.gov/mission/hubble/science/explore-the-night-sky/hubble-messier-catalog/messier-108/
a3695f2b-68ce-4399-b14a-1bdb4a6b2b8a,109,Messier 109,Galaxy,Ursa Major,,,10.60,,2025-08-12 20:21:48.620018 +00:00,2025-08-12 20:21:48.620018 +00:00,55000000,Barred Spiral Galaxy,https://science.nasa.gov/mission/hubble/science/explore-the-night-sky/hubble-messier-catalog/messier-109/
0ffab22e-94f9-4991-9404-923895c25ddc,110,Edward Young Star,Galaxy,Andromeda,,,8.50,,2025-08-12 20:21:48.620018 +00:00,2025-08-12 20:21:48.620018 +00:00,2690000,Elliptical Galaxy,https://science.nasa.gov/mission/hubble/science/explore-the-night-sky/hubble-messier-catalog/messier-110/
